{"cameraMode":{"drawMode":0,"name":"Shaded","section":"Shading Mode"},"sceneLighting":false,"audioPlay":false,"sceneViewState":{"showFog":true,"showMaterialUpdate":false,"showSkybox":false,"showFlares":true,"showImageEffects":true,"showParticleSystems":true},"in2DMode":false,"pivot":{"x":-0.5069413185119629,"y":2.7130942344665529,"z":1.8212041854858399},"rotation":{"x":0.007499528583139181,"y":0.004498953465372324,"z":-0.00003290557651780546,"w":0.9999510645866394},"size":10.373708724975586,"orthographic":false}