{"cameraMode":{"drawMode":0,"name":"Shaded","section":"Shading Mode"},"sceneLighting":false,"audioPlay":false,"sceneViewState":{"showFog":true,"showMaterialUpdate":false,"showSkybox":true,"showFlares":true,"showImageEffects":true,"showParticleSystems":true},"in2DMode":false,"pivot":{"x":6.592877388000488,"y":-11.329035758972168,"z":102.56436920166016},"rotation":{"x":0.06140592321753502,"y":0.0419054850935936,"z":-0.002578987739980221,"w":0.9972115755081177},"size":60.23735046386719,"orthographic":false}